car_id,model
1,1 Series M
2,1 Series
3,1 Series
4,1 Series
5,1 Series
6,1 Series
7,1 Series
8,1 Series
9,1 Series
10,1 Series
11,1 Series
12,1 Series
13,1 Series
14,1 Series
15,1 Series
16,1 Series
17,1 Series
18,2 Series
19,2 Series
20,2 Series
21,2 Series
22,2 Series
23,2 Series
24,2 Series
25,2 Series
26,2 Series
27,2 Series
28,2 Series
29,2 Series
30,2 Series
31,2 Series
32,2 Series
33,2 Series
34,2 Series
35,200SX
36,200SX
37,200SX
38,240SX
39,240SX
40,240SX
41,240SX
42,240SX
43,240SX
44,240SX
45,240SX
46,2
47,2
48,2
49,2
50,2
51,2
52,2
53,2
54,2
55,2
56,2
57,2
58,3 Series Gran Turismo
59,3 Series Gran Turismo
60,3 Series Gran Turismo
61,3 Series Gran Turismo
62,3 Series Gran Turismo
63,3 Series Gran Turismo
64,3 Series Gran Turismo
65,3 Series
66,3 Series
67,3 Series
68,3 Series
69,3 Series
70,3 Series
71,3 Series
72,3 Series
73,3 Series
74,3 Series
75,3 Series
76,3 Series
77,3 Series
78,3 Series
79,3 Series
80,3 Series
81,3 Series
82,3 Series
83,3 Series
84,3 Series
85,3 Series
86,3 Series
87,3 Series
88,3 Series
89,3 Series
90,3 Series
91,3 Series
92,3 Series
93,3 Series
94,3 Series
95,3 Series
96,3 Series
97,3 Series
98,3 Series
99,300ZX
100,300ZX
101,300ZX
102,300ZX
103,300ZX
104,300ZX
105,300ZX
106,300ZX
107,300ZX
108,300ZX
109,300ZX
110,300ZX
111,323
112,323
113,323
114,323
115,323
116,350Z
117,350Z
118,350Z
119,350Z
120,350Z
121,350Z
122,350Z
123,350Z
124,350Z
125,350Z
126,350Z
127,350Z
128,350Z
129,350Z
130,350Z
131,350Z
132,350Z
133,350Z
134,350Z
135,350Z
136,350Z
137,350Z
138,350Z
139,350Z
140,350Z
141,350Z
142,350Z
143,350Z
144,350Z
145,350Z
146,350Z
147,350Z
148,350Z
149,350Z
150,370Z
151,370Z
152,370Z
153,370Z
154,370Z
155,370Z
156,370Z
157,370Z
158,370Z
159,370Z
160,370Z
161,370Z
162,370Z
163,370Z
164,370Z
165,370Z
166,370Z
167,370Z
168,370Z
169,370Z
170,370Z
171,370Z
172,370Z
173,370Z
174,370Z
175,370Z
176,370Z
177,370Z
178,370Z
179,370Z
180,370Z
181,370Z
182,370Z
183,370Z
184,370Z
185,370Z
186,370Z
187,370Z
188,370Z
189,370Z
190,370Z
191,370Z
192,370Z
193,370Z
194,370Z
195,370Z
196,370Z
197,370Z
198,370Z
199,370Z
200,370Z
201,3
202,3
203,3
204,3
205,3
206,3
207,3
208,3
209,3
210,3
211,3
212,3
213,3
214,3
215,3
216,3
217,3
218,3
219,3
220,3
221,3
222,3
223,3
224,3
225,3
226,3
227,3
228,3
229,3
230,3
231,3
232,3
233,3
234,3
235,3
236,4 Series Gran Coupe
237,4 Series Gran Coupe
238,4 Series Gran Coupe
239,4 Series Gran Coupe
240,4 Series Gran Coupe
241,4 Series Gran Coupe
242,4 Series Gran Coupe
243,4 Series Gran Coupe
244,4 Series Gran Coupe
245,4 Series Gran Coupe
246,4 Series Gran Coupe
247,4 Series Gran Coupe
248,4 Series Gran Coupe
249,4 Series Gran Coupe
250,4 Series
251,4 Series
252,4 Series
253,4 Series
254,4 Series
255,4 Series
256,4 Series
257,4 Series
258,4 Series
259,4 Series
260,4 Series
261,4 Series
262,4 Series
263,4 Series
264,4 Series
265,4 Series
266,4 Series
267,4 Series
268,4 Series
269,4 Series
270,4 Series
271,4 Series
272,4 Series
273,4 Series
274,4 Series
275,4 Series
276,4 Series
277,4 Series
278,4 Series
279,5 Series Gran Turismo
280,5 Series Gran Turismo
281,5 Series Gran Turismo
282,5 Series Gran Turismo
283,5 Series Gran Turismo
284,5 Series Gran Turismo
285,5 Series Gran Turismo
286,5 Series Gran Turismo
287,5 Series Gran Turismo
288,5 Series Gran Turismo
289,5 Series
290,5 Series
291,5 Series
292,5 Series
293,5 Series
294,5 Series
295,5 Series
296,5 Series
297,5 Series
298,5 Series
299,5 Series
300,5 Series
301,5 Series
302,5 Series
303,5 Series
304,5 Series
305,6 Series Gran Coupe
306,6 Series Gran Coupe
307,6 Series Gran Coupe
308,6 Series Gran Coupe
309,6 Series Gran Coupe
310,6 Series Gran Coupe
311,6 Series Gran Coupe
312,6 Series Gran Coupe
313,6 Series Gran Coupe
314,6 Series Gran Coupe
315,6 Series Gran Coupe
316,6 Series Gran Coupe
317,6 Series
318,6 Series
319,6 Series
320,6 Series
321,6 Series
322,6 Series
323,6 Series
324,6 Series
325,6 Series
326,6 Series
327,6 Series
328,6 Series
329,6 Series
330,6 Series
331,6 Series
332,6 Series
333,6 Series
334,6 Series
335,6 Series
336,6 Series
337,6 Series
338,6 Series
339,6 Series
340,6 Series
341,7 Series
342,7 Series
343,7 Series
344,7 Series
345,7 Series
346,7 Series
347,7 Series
348,7 Series
349,7 Series
350,7 Series
351,7 Series
352,7 Series
353,7 Series
354,7 Series
355,7 Series
356,7 Series
357,8 Series
358,8 Series
359,8 Series
360,8 Series
361,8 Series
362,8 Series
363,8 Series
364,ActiveHybrid 5
365,ActiveHybrid 5
366,ActiveHybrid 5
367,ActiveHybrid 7
368,ActiveHybrid 7
369,ActiveHybrid 7
370,ActiveHybrid X6
371,ActiveHybrid X6
372,ALPINA B6 Gran Coupe
373,ALPINA B6 Gran Coupe
374,ALPINA B6 Gran Coupe
375,ALPINA B7
376,ALPINA B7
377,ALPINA B7
378,ALPINA B7
379,ALPINA B7
380,ALPINA B7
381,ALPINA B7
382,ALPINA B7
383,ALPINA B7
384,Alpina
385,Altima
386,Altima
387,Altima
388,Altima
389,Altima
390,Altima
391,Altima
392,Altima
393,Altima
394,Altima
395,Armada
396,Armada
397,Armada
398,Armada
399,Armada
400,Armada
401,Aspire
402,Aspire
403,Aspire
404,Aspire
405,Aspire
406,Aspire
407,Aspire
408,Avalanche
409,Avalanche
410,Avalanche
411,Avalanche
412,Avalanche
413,Avalanche
414,Avalanche
415,Avalanche
416,Avalanche
417,Avalanche
418,Avalanche
419,Avalanche
420,Avalanche
421,Avalanche
422,Avalanche
423,Avenger
424,Avenger
425,Avenger
426,Avenger
427,Avenger
428,Avenger
429,Avenger
430,Avenger
431,Avenger
432,Aveo
433,Aveo
434,Aveo
435,Aveo
436,Aveo
437,Aveo
438,Aveo
439,Aveo
440,Aveo
441,B-Series Pickup
442,B-Series Pickup
443,B-Series Pickup
444,B-Series Pickup
445,B-Series Pickup
446,B-Series Pickup
447,B-Series Pickup
448,B-Series Pickup
449,B-Series Pickup
450,B-Series Pickup
451,B-Series Pickup
452,B-Series Pickup
453,B-Series Pickup
454,B9 Tribeca
455,B9 Tribeca
456,B9 Tribeca
457,B9 Tribeca
458,B9 Tribeca
459,B9 Tribeca
460,B9 Tribeca
461,B9 Tribeca
462,B9 Tribeca
463,B9 Tribeca
464,B9 Tribeca
465,B9 Tribeca
466,B9 Tribeca
467,B9 Tribeca
468,B9 Tribeca
469,B9 Tribeca
470,B9 Tribeca
471,B9 Tribeca
472,B9 Tribeca
473,B9 Tribeca
474,B9 Tribeca
475,B9 Tribeca
476,B9 Tribeca
477,B9 Tribeca
478,B9 Tribeca
479,B9 Tribeca
480,B9 Tribeca
481,B9 Tribeca
482,B9 Tribeca
483,B9 Tribeca
484,Baja
485,Baja
486,Baja
487,Baja
488,Baja
489,Baja
490,Baja
491,Baja
492,Baja
493,Baja
494,Baja
495,Baja
496,Baja
497,Baja
498,Baja
499,Beetle Convertible
500,Beetle Convertible
501,Beetle Convertible
502,Beetle Convertible
503,Beetle Convertible
504,Beetle Convertible
505,Beetle Convertible
506,Beetle Convertible
507,Beetle Convertible
508,Beetle Convertible
509,Beetle Convertible
510,Beetle Convertible
511,Beetle Convertible
512,Beetle Convertible
513,Beetle Convertible
514,Beetle Convertible
515,Beetle Convertible
516,Beetle Convertible
517,Beetle Convertible
518,Beetle Convertible
519,Beetle Convertible
520,Beetle Convertible
521,Beetle Convertible
522,Beetle Convertible
523,Beetle Convertible
524,Beetle Convertible
525,Beetle Convertible
526,Beetle Convertible
527,Beetle Convertible
528,Beetle Convertible
529,Beetle Convertible
530,Beetle Convertible
531,Beetle Convertible
532,Beetle Convertible
533,Beetle Convertible
534,Beetle Convertible
535,Beetle Convertible
536,Beetle Convertible
537,Beetle Convertible
538,Beetle Convertible
539,Beetle Convertible
540,Beetle Convertible
541,Beetle Convertible
542,Beetle Convertible
543,Beetle Convertible
544,Beetle Convertible
545,Beetle Convertible
546,Beetle Convertible
547,Beetle Convertible
548,Beetle Convertible
549,Beetle Convertible
550,Beetle Convertible
551,Beetle Convertible
552,Beetle Convertible
553,Beetle Convertible
554,Beetle Convertible
555,Beetle Convertible
556,Beetle
557,Beetle
558,Beetle
559,Beetle
560,Beetle
561,Beetle
562,Beetle
563,Beetle
564,Beetle
565,Beetle
566,Beetle
567,Beetle
568,Beetle
569,Beetle
570,Beetle
571,Beetle
572,Beetle
573,Beetle
574,Beetle
575,Beetle
576,Beetle
577,Beetle
578,Beetle
579,Beetle
580,Beetle
581,Beetle
582,Beetle
583,Beetle
584,Beetle
585,Beetle
586,Beetle
587,Beetle
588,Beetle
589,Beetle
590,Beetle
591,Beetle
592,Beetle
593,Beetle
594,Beetle
595,Beetle
596,Beetle
597,Beetle
598,Beetle
599,Beetle
600,Beetle
601,Beetle
602,Beetle
603,Beetle
604,Beetle
605,Beetle
606,Beetle
607,Beetle
608,Beetle
609,Beetle
610,Beetle
611,Beetle
612,Beetle
613,Beetle
614,Beetle
615,Beetle
616,Beetle
617,Beetle
618,Beetle
619,Beetle
620,Beetle
621,Beetle
622,Beetle
623,Beetle
624,Beetle
625,Beetle
626,Beetle
627,Beetle
628,Beetle
629,Beetle
630,Beetle
631,Beretta
632,Beretta
633,Beretta
634,Black Diamond Avalanche
635,Black Diamond Avalanche
636,Black Diamond Avalanche
637,Black Diamond Avalanche
638,Black Diamond Avalanche
639,Black Diamond Avalanche
640,BRZ
641,BRZ
642,BRZ
643,BRZ
644,BRZ
645,BRZ
646,BRZ
647,BRZ
648,BRZ
649,BRZ
650,BRZ
651,BRZ
652,C-Max Hybrid
653,C-Max Hybrid
654,C-Max Hybrid
655,C-Max Hybrid
656,C-Max Hybrid
657,C-Max Hybrid
658,Camaro
659,Camaro
660,Camaro
661,Camaro
662,Camaro
663,Camaro
664,Camaro
665,Camaro
666,Camaro
667,Camaro
668,Camaro
669,Camaro
670,Camaro
671,Camaro
672,Camaro
673,Camaro
674,Camaro
675,Camaro
676,Camaro
677,Camaro
678,Camaro
679,Camaro
680,Camaro
681,Camaro
682,Camaro
683,Camaro
684,Camaro
685,Camaro
686,Camaro
687,Camaro
688,Camaro
689,Captiva Sport
690,Captiva Sport
691,Captiva Sport
692,Captiva Sport
693,Captiva Sport
694,Captiva Sport
695,Captiva Sport
696,Captiva Sport
697,Captiva Sport
698,Captiva Sport
699,Captiva Sport
700,Captiva Sport
701,Caravan
702,Caravan
703,Caravan
704,Caravan
705,Caravan
706,CC
707,CC
708,CC
709,CC
710,CC
711,CC
712,CC
713,CC
714,CC
715,CC
716,CC
717,CC
718,CC
719,CC
720,CC
721,CC
722,CC
723,CC
724,CC
725,CC
726,CC
727,CC
728,CC
729,CC
730,CC
731,CC
732,CC
733,CC
734,CC
735,CC
736,CC
737,CC
738,Challenger
739,Challenger
740,Challenger
741,Challenger
742,Challenger
743,Challenger
744,Challenger
745,Challenger
746,Challenger
747,Challenger
748,Challenger
749,Challenger
750,Challenger
751,Challenger
752,Challenger
753,Challenger
754,Challenger
755,Challenger
756,Challenger
757,Challenger
758,Challenger
759,Challenger
760,Challenger
761,Challenger
762,Challenger
763,Challenger
764,Challenger
765,Challenger
766,Challenger
767,Challenger
768,Challenger
769,Challenger
770,Challenger
771,Charger
772,Charger
773,Charger
774,Charger
775,Charger
776,Charger
777,Charger
778,Charger
779,Charger
780,Charger
781,Charger
782,Charger
783,Charger
784,Charger
785,Charger
786,Charger
787,Charger
788,Charger
789,Cobalt
790,Cobalt
791,Cobalt
792,Cobalt
793,Colorado
794,Colorado
795,Colorado
796,Colorado
797,Colorado
798,Colorado
799,Colorado
800,Colorado
801,Colorado
802,Colorado
803,Colorado
804,Colorado
805,Colorado
806,Colorado
807,Colorado
808,Colorado
809,Colt
810,Colt
811,Contour SVT
812,Contour SVT
813,Contour SVT
814,Corrado
815,Corrado
816,Corrado
817,Corrado
818,Corvette Stingray
819,Corvette Stingray
820,Corvette Stingray
821,Corvette Stingray
822,Corvette
823,Corvette
824,Corvette
825,Corvette
826,Corvette
827,Corvette
828,Corvette
829,Corvette
830,Corvette
831,Corvette
832,Corvette
833,Corvette
834,Corvette
835,Corvette
836,Corvette
837,Corvette
838,Corvette
839,Corvette
840,Corvette
841,Corvette
842,Corvette
843,Corvette
844,Corvette
845,Corvette
846,Corvette
847,Corvette
848,Corvette
849,Corvette
850,Corvette
851,Corvette
852,Corvette
853,Corvette
854,Corvette
855,Corvette
856,Corvette
857,Corvette
858,Corvette
859,Corvette
860,Corvette
861,Corvette
862,Corvette
863,Corvette
864,Corvette
865,Corvette
866,Corvette
867,Corvette
868,Corvette
869,Corvette
870,Corvette
871,Corvette
872,Corvette
873,Corvette
874,Corvette
875,Corvette
876,Corvette
877,Corvette
878,Corvette
879,Corvette
880,Corvette
881,Corvette
882,Coupe
883,Coupe
884,Coupe
885,Coupe
886,Coupe
887,Coupe
888,Crosstrek
889,Crosstrek
890,Crosstrek
891,Crosstrek
892,Crosstrek
893,Crosstrek
894,Crosstrek
895,Crosstrek
896,Crosstrek
897,Crosstrek
898,Crown Victoria
899,Crown Victoria
900,Crown Victoria
901,Cruze
902,Cruze
903,Cruze
904,Cruze
905,CX-3
906,CX-3
907,CX-3
908,CX-3
909,CX-3
910,CX-3
911,CX-3
912,CX-3
913,CX-3
914,CX-3
915,CX-3
916,CX-3
917,CX-5
918,CX-5
919,CX-5
920,CX-5
921,CX-5
922,CX-5
923,CX-5
924,CX-5
925,CX-5
926,CX-5
927,CX-5
928,CX-5
929,CX-5
930,CX-5
931,CX-5
932,CX-5
933,CX-5
934,CX-5
935,CX-5
936,CX-5
937,CX-5
938,CX-5
939,CX-5
940,CX-5
941,CX-5
942,CX-5
943,CX-5
944,CX-5
945,CX-5
946,CX-7
947,CX-7
948,CX-7
949,CX-7
950,CX-7
951,CX-7
952,CX-7
953,CX-7
954,CX-7
955,CX-7
956,CX-7
957,CX-7
958,CX-7
959,CX-7
960,CX-7
961,CX-7
962,CX-7
963,CX-7
964,CX-7
965,CX-7
966,CX-9
967,CX-9
968,CX-9
969,CX-9
970,CX-9
971,CX-9
972,CX-9
973,CX-9
974,CX-9
975,CX-9
976,CX-9
977,CX-9
978,CX-9
979,CX-9
980,CX-9
981,CX-9
982,CX-9
983,CX-9
984,CX-9
985,Dakota
986,Dakota
987,Dakota
988,Dakota
989,Dakota
990,Dakota
991,Dakota
992,Dakota
993,Dakota
994,Dakota
995,Dakota
996,Dakota
997,Dakota
998,Dakota
999,Dakota
1000,Dakota
1001,Dakota
1002,Dakota
1003,Dakota
1004,Dakota
1005,Dakota
1006,Dakota
1007,Dakota
1008,Dakota
1009,Dakota
1010,Dakota
1011,Dakota
1012,Dakota
1013,Dakota
1014,Dakota
1015,Dakota
1016,Dakota
1017,Dakota
1018,Daytona
1019,Daytona
1020,Daytona
1021,Daytona
1022,Daytona
1023,Daytona
1024,Daytona
1025,Daytona
1026,Daytona
1027,Daytona
1028,Daytona
1029,Daytona
1030,Daytona
1031,Daytona
1032,Durango
1033,Durango
1034,Durango
1035,Durango
1036,Durango
1037,Durango
1038,Durango
1039,Durango
1040,Durango
1041,Durango
1042,Durango
1043,Durango
1044,Durango
1045,Durango
1046,Durango
1047,Durango
1048,Durango
1049,Durango
1050,Durango
1051,Durango
1052,Durango
1053,Durango
1054,Durango
1055,Durango
1056,Durango
1057,Durango
1058,Durango
1059,Durango
1060,E-Series Van
1061,E-Series Van
1062,E-Series Van
1063,E-Series Van
1064,E-Series Van
1065,E-Series Van
1066,E-Series Van
1067,E-Series Van
1068,E-Series Van
1069,E-Series Van
1070,E-Series Van
1071,E-Series Van
1072,E-Series Van
1073,E-Series Van
1074,E-Series Van
1075,E-Series Van
1076,E-Series Van
1077,E-Series Van
1078,E-Series Wagon
1079,E-Series Wagon
1080,E-Series Wagon
1081,E-Series Wagon
1082,E-Series Wagon
1083,E-Series Wagon
1084,E-Series Wagon
1085,E-Series Wagon
1086,E-Series Wagon
1087,E-Series Wagon
1088,E-Series Wagon
1089,E-Series Wagon
1090,E-Series Wagon
1091,E-Series Wagon
1092,E-Series Wagon
1093,E-Series Wagon
1094,E-Series Wagon
1095,E-Series Wagon
1096,Edge
1097,Edge
1098,Edge
1099,Edge
1100,Edge
1101,Edge
1102,Edge
1103,Edge
1104,Edge
1105,Edge
1106,Edge
1107,Edge
1108,Edge
1109,Edge
1110,Edge
1111,Edge
1112,Edge
1113,Edge
1114,Edge
1115,Edge
1116,Edge
1117,Edge
1118,Equinox
1119,Equinox
1120,Equinox
1121,Equinox
1122,Equinox
1123,Equinox
1124,Equinox
1125,Equinox
1126,Equinox
1127,Equinox
1128,Equinox
1129,Equinox
1130,Equinox
1131,Equinox
1132,Equinox
1133,Equinox
1134,Equinox
1135,Equinox
1136,Equinox
1137,Equinox
1138,Equinox
1139,Equinox
1140,Equinox
1141,Escape Hybrid
1142,Escape Hybrid
1143,Escape Hybrid
1144,Escape Hybrid
1145,Escape Hybrid
1146,Escape Hybrid
1147,Escape Hybrid
1148,Escape Hybrid
1149,Escape Hybrid
1150,Escape Hybrid
1151,Escape Hybrid
1152,Escape Hybrid
1153,Escape
1154,Escape
1155,Escape
1156,Escape
1157,Escape
1158,Escape
1159,Escape
1160,Escape
1161,Escape
1162,Escape
1163,Escape
1164,Explorer Sport Trac
1165,Explorer Sport Trac
1166,Explorer Sport Trac
1167,Explorer Sport Trac
1168,Explorer Sport Trac
1169,Explorer Sport Trac
1170,Explorer Sport Trac
1171,Explorer Sport Trac
1172,Explorer Sport Trac
1173,Explorer Sport Trac
1174,Explorer Sport Trac
1175,Explorer Sport Trac
1176,Explorer Sport Trac
1177,Explorer Sport Trac
1178,Explorer Sport Trac
1179,Explorer Sport Trac
1180,Explorer Sport Trac
1181,Explorer
1182,Explorer
1183,Explorer
1184,Explorer
1185,Explorer
1186,Explorer
1187,Explorer
1188,Explorer
1189,Explorer
1190,Explorer
1191,Explorer
1192,Explorer
1193,Explorer
1194,Explorer
1195,Explorer
1196,Explorer
1197,Explorer
1198,Explorer
1199,Explorer
1200,Explorer
1201,Explorer
1202,Explorer
1203,Explorer
1204,Express Cargo
1205,Express Cargo
1206,Express
1207,Express
1208,Express
1209,Express
1210,Express
1211,Express
1212,Express
1213,Express
1214,Express
1215,Express
1216,Express
1217,Express
1218,Express
1219,Express
1220,Express
1221,Express
1222,Express
1223,F-150 SVT Lightning
1224,F-150 SVT Lightning
1225,F-150
1226,F-150
1227,F-150
1228,F-150
1229,F-150
1230,F-150
1231,F-150
1232,F-150
1233,F-150
1234,F-150
1235,F-150
1236,F-150
1237,F-150
1238,F-150
1239,F-150
1240,F-150
1241,F-150
1242,F-150
1243,F-150
1244,F-150
1245,F-150
1246,F-150
1247,F-150
1248,F-150
1249,F-150
1250,F-150
1251,F-150
1252,F-150
1253,F-150
1254,F-150
1255,F-150
1256,F-150
1257,F-150
1258,F-150
1259,F-150
1260,F-150
1261,F-150
1262,F-150
1263,F-150
1264,F-150
1265,F-150
1266,F-150
1267,F-150
1268,F-150
1269,F-150
1270,F-150
1271,F-150
1272,F-150
1273,F-150
1274,F-150
1275,F-150
1276,F-150
1277,F-150
1278,F-150
1279,F-150
1280,F-150
1281,F-150
1282,F-150
1283,F-150
1284,F-150
1285,F-150
1286,F-150
1287,F-150
1288,F-150
1289,F-150
1290,F-150
1291,F-150
1292,F-150
1293,F-150
1294,F-150
1295,F-150
1296,F-150
1297,F-150
1298,F-150
1299,F-150
1300,F-150
1301,F-150
1302,F-150
1303,F-150
1304,F-150
1305,F-150
1306,F-150
1307,F-150
1308,F-150
1309,F-150
1310,F-150
1311,F-150
1312,F-150
1313,F-150
1314,F-150
1315,F-150
1316,F-150
1317,F-150
1318,F-150
1319,F-150
1320,F-150
1321,F-150
1322,F-150
1323,F-150
1324,F-150
1325,F-150
1326,F-150
1327,F-150
1328,F-150
1329,F-150
1330,F-150
1331,F-150
1332,F-150
1333,F-150
1334,F-150
1335,F-150
1336,F-150
1337,F-150
1338,F-150
1339,F-150
1340,F-150
1341,F-150
1342,F-150
1343,F-150
1344,F-150
1345,F-150
1346,F-150
1347,Festiva
1348,Festiva
1349,Festiva
1350,Festiva
1351,Festiva
1352,Festiva
1353,Fiesta
1354,Fiesta
1355,Fiesta
1356,Fiesta
1357,Fiesta
1358,Fiesta
1359,Fiesta
1360,Fiesta
1361,Fiesta
1362,Fiesta
1363,Fiesta
1364,Fiesta
1365,Flex
1366,Flex
1367,Flex
1368,Flex
1369,Flex
1370,Flex
1371,Flex
1372,Flex
1373,Flex
1374,Flex
1375,Flex
1376,Flex
1377,Flex
1378,Flex
1379,Flex
1380,Flex
1381,Flex
1382,Flex
1383,Focus RS
1384,Focus ST
1385,Focus ST
1386,Focus ST
1387,Focus
1388,Focus
1389,Focus
1390,Focus
1391,Focus
1392,Focus
1393,Focus
1394,Focus
1395,Focus
1396,Focus
1397,Focus
1398,Focus
1399,Focus
1400,Focus
1401,Focus
1402,Focus
1403,Forester
1404,Forester
1405,Forester
1406,Forester
1407,Forester
1408,Forester
1409,Forester
1410,Forester
1411,Forester
1412,Forester
1413,Forester
1414,Forester
1415,Forester
1416,Forester
1417,Forester
1418,Forester
1419,Forester
1420,Forester
1421,Forester
1422,Forester
1423,Forester
1424,Forester
1425,Forester
1426,Forester
1427,Freestyle
1428,Freestyle
1429,Freestyle
1430,Freestyle
1431,Freestyle
1432,Freestyle
1433,Freestyle
1434,Freestyle
1435,Freestyle
1436,Freestyle
1437,Freestyle
1438,Freestyle
1439,Freestyle
1440,Freestyle
1441,Freestyle
1442,Freestyle
1443,Fusion Hybrid
1444,Fusion Hybrid
1445,Fusion Hybrid
1446,Fusion Hybrid
1447,Fusion Hybrid
1448,Fusion Hybrid
1449,Fusion Hybrid
1450,Fusion Hybrid
1451,Fusion Hybrid
1452,Fusion Hybrid
1453,Fusion
1454,Fusion
1455,Fusion
1456,Fusion
1457,Fusion
1458,Fusion
1459,Fusion
1460,Fusion
1461,Fusion
1462,Fusion
1463,Ghibli
1464,Ghibli
1465,Ghibli
1466,Ghibli
1467,Ghibli
1468,Ghibli
1469,Ghibli
1470,Ghibli
1471,GLI
1472,GLI
1473,GLI
1474,GLI
1475,GLI
1476,GLI
1477,GLI
1478,GLI
1479,GLI
1480,GLI
1481,GLI
1482,GLI
1483,GLI
1484,GLI
1485,GLI
1486,GLI
1487,GLI
1488,GLI
1489,GLI
1490,GLI
1491,GLI
1492,GLI
1493,Golf Alltrack
1494,Golf Alltrack
1495,Golf Alltrack
1496,Golf Alltrack
1497,Golf Alltrack
1498,Golf GTI
1499,Golf GTI
1500,Golf GTI
1501,Golf GTI
1502,Golf GTI
1503,Golf GTI
1504,Golf GTI
1505,Golf GTI
1506,Golf GTI
1507,Golf GTI
1508,Golf GTI
1509,Golf GTI
1510,Golf GTI
1511,Golf GTI
1512,Golf GTI
1513,Golf GTI
1514,Golf GTI
1515,Golf GTI
1516,Golf GTI
1517,Golf GTI
1518,Golf GTI
1519,Golf GTI
1520,Golf GTI
1521,Golf GTI
1522,Golf GTI
1523,Golf GTI
1524,Golf GTI
1525,Golf GTI
1526,Golf GTI
1527,Golf GTI
1528,Golf GTI
1529,Golf GTI
1530,Golf GTI
1531,Golf GTI
1532,Golf GTI
1533,Golf GTI
1534,Golf GTI
1535,Golf GTI
1536,Golf GTI
1537,Golf GTI
1538,Golf GTI
1539,Golf GTI
1540,Golf GTI
1541,Golf GTI
1542,Golf GTI
1543,Golf GTI
1544,Golf GTI
1545,Golf GTI
1546,Golf GTI
1547,Golf GTI
1548,Golf R
1549,Golf R
1550,Golf R
1551,Golf R
1552,Golf R
1553,Golf R
1554,Golf R
1555,Golf R
1556,Golf R
1557,Golf R
1558,Golf SportWagen
1559,Golf SportWagen
1560,Golf SportWagen
1561,Golf SportWagen
1562,Golf SportWagen
1563,Golf SportWagen
1564,Golf
1565,Golf
1566,Golf
1567,Golf
1568,Golf
1569,Golf
1570,Golf
1571,Golf
1572,Golf
1573,Golf
1574,Golf
1575,Golf
1576,Golf
1577,Golf
1578,Golf
1579,Golf
1580,Golf
1581,Golf
1582,Golf
1583,Golf
1584,Golf
1585,Golf
1586,Golf
1587,Golf
1588,Golf
1589,Golf
1590,Golf
1591,Grand Caravan
1592,Grand Caravan
1593,Grand Caravan
1594,Grand Caravan
1595,Grand Caravan
1596,Grand Caravan
1597,Grand Caravan
1598,Grand Caravan
1599,Grand Caravan
1600,Grand Caravan
1601,Grand Caravan
1602,Grand Caravan
1603,GranSport
1604,GranSport
1605,GranSport
1606,GranSport
1607,GranTurismo Convertible
1608,GranTurismo Convertible
1609,GranTurismo Convertible
1610,GranTurismo Convertible
1611,GranTurismo Convertible
1612,GranTurismo Convertible
1613,GranTurismo Convertible
1614,GranTurismo Convertible
1615,GranTurismo Convertible
1616,GranTurismo Convertible
1617,GranTurismo Convertible
1618,GranTurismo
1619,GranTurismo
1620,GranTurismo
1621,GranTurismo
1622,GranTurismo
1623,GranTurismo
1624,GranTurismo
1625,GranTurismo
1626,GT-R
1627,GT-R
1628,GT-R
1629,GT-R
1630,GT-R
1631,GT-R
1632,GT-R
1633,GT-R
1634,GT
1635,GT
1636,GTI
1637,GTI
1638,GTI
1639,GTI
1640,GTI
1641,GTI
1642,GTI
1643,GTI
1644,GTI
1645,GTI
1646,GTI
1647,GTI
1648,GTI
1649,GTI
1650,GTI
1651,GTI
1652,GTI
1653,GTI
1654,GTI
1655,GTI
1656,GTI
1657,GTI
1658,GTI
1659,GTI
1660,GTI
1661,GTI
1662,GTI
1663,GTI
1664,GTI
1665,GTI
1666,GTI
1667,GTI
1668,GTI
1669,GTI
1670,GTI
1671,GTI
1672,GTI
1673,GTI
1674,GTI
1675,GTI
1676,GTI
1677,GTI
1678,GTI
1679,GTI
1680,GTI
1681,GTI
1682,GTI
1683,GTI
1684,GTI
1685,GTI
1686,GTI
1687,GTI
1688,GTI
1689,GTI
1690,GTI
1691,GTI
1692,GTI
1693,GTI
1694,GTI
1695,GTI
1696,GTI
1697,GTI
1698,GTI
1699,GTI
1700,GTI
1701,GTI
1702,GTI
1703,GTI
1704,GTI
1705,GTI
1706,GTI
1707,GTI
1708,GTI
1709,GTI
1710,GTI
1711,GTI
1712,HHR
1713,HHR
1714,HHR
1715,HHR
1716,HHR
1717,HHR
1718,HHR
1719,HHR
1720,HHR
1721,HHR
1722,HHR
1723,HHR
1724,HHR
1725,HHR
1726,i3
1727,i3
1728,i3
1729,i3
1730,Impala Limited
1731,Impala Limited
1732,Impala Limited
1733,Impala Limited
1734,Impala Limited
1735,Impala Limited
1736,Impala Limited
1737,Impala Limited
1738,Impala Limited
1739,Impala
1740,Impala
1741,Impala
1742,Impala
1743,Impala
1744,Impreza WRX
1745,Impreza WRX
1746,Impreza WRX
1747,Impreza WRX
1748,Impreza WRX
1749,Impreza WRX
1750,Impreza WRX
1751,Impreza WRX
1752,Impreza WRX
1753,Impreza WRX
1754,Impreza WRX
1755,Impreza WRX
1756,Impreza WRX
1757,Impreza WRX
1758,Impreza WRX
1759,Impreza WRX
1760,Impreza WRX
1761,Impreza WRX
1762,Impreza
1763,Impreza
1764,Impreza
1765,Impreza
1766,Impreza
1767,Impreza
1768,Impreza
1769,Impreza
1770,Impreza
1771,Impreza
1772,Impreza
1773,Impreza
1774,Impreza
1775,Impreza
1776,Impreza
1777,Impreza
1778,Impreza
1779,Impreza
1780,Impreza
1781,Impreza
1782,Jetta GLI
1783,Jetta GLI
1784,Jetta GLI
1785,Jetta GLI
1786,Jetta GLI
1787,Jetta GLI
1788,Jetta GLI
1789,Jetta GLI
1790,Jetta GLI
1791,Jetta GLI
1792,Jetta GLI
1793,Jetta GLI
1794,Jetta GLI
1795,Jetta GLI
1796,Jetta GLI
1797,Jetta GLI
1798,Jetta GLI
1799,Jetta GLI
1800,Jetta GLI
1801,Jetta GLI
1802,Jetta GLI
1803,Jetta GLI
1804,Jetta GLI
1805,Jetta GLI
1806,Jetta GLI
1807,Jetta GLI
1808,Jetta GLI
1809,Jetta GLI
1810,Jetta GLI
1811,Jetta GLI
1812,Jetta GLI
1813,Jetta GLI
1814,Jetta GLI
1815,Jetta GLI
1816,Jetta GLI
1817,Jetta GLI
1818,Jetta GLI
1819,Jetta GLI
1820,Jetta GLI
1821,Jetta GLI
1822,Jetta GLI
1823,Jetta GLI
1824,Jetta GLI
1825,Jetta GLI
1826,Jetta Hybrid
1827,Jetta Hybrid
1828,Jetta Hybrid
1829,Jetta Hybrid
1830,Jetta Hybrid
1831,Jetta Hybrid
1832,Jetta Hybrid
1833,Jetta Hybrid
1834,Jetta SportWagen
1835,Jetta SportWagen
1836,Jetta SportWagen
1837,Jetta SportWagen
1838,Jetta SportWagen
1839,Jetta SportWagen
1840,Jetta SportWagen
1841,Jetta SportWagen
1842,Jetta SportWagen
1843,Jetta SportWagen
1844,Jetta SportWagen
1845,Jetta SportWagen
1846,Jetta SportWagen
1847,Jetta SportWagen
1848,Jetta SportWagen
1849,Jetta SportWagen
1850,Jetta SportWagen
1851,Jetta SportWagen
1852,Jetta
1853,Jetta
1854,Jetta
1855,Jetta
1856,Jetta
1857,Jetta
1858,Jetta
1859,Jetta
1860,Jetta
1861,Jetta
1862,Jetta
1863,Jetta
1864,Jetta
1865,Jetta
1866,Jetta
1867,Jetta
1868,Jetta
1869,Jetta
1870,Jetta
1871,Jetta
1872,Jetta
1873,Jetta
1874,Jetta
1875,Jetta
1876,Jetta
1877,Jetta
1878,Journey
1879,Journey
1880,Journey
1881,Journey
1882,Journey
1883,Journey
1884,Journey
1885,Journey
1886,Journey
1887,Journey
1888,Journey
1889,Journey
1890,Journey
1891,Journey
1892,Journey
1893,Journey
1894,Journey
1895,Journey
1896,Journey
1897,Journey
1898,Journey
1899,Journey
1900,Journey
1901,Journey
1902,Journey
1903,Journey
1904,Journey
1905,Journey
1906,Journey
1907,Journey
1908,Journey
1909,Juke
1910,Juke
1911,Juke
1912,Juke
1913,Juke
1914,Juke
1915,Juke
1916,Juke
1917,Juke
1918,Juke
1919,Juke
1920,Juke
1921,Juke
1922,Juke
1923,Juke
1924,Juke
1925,Juke
1926,Juke
1927,Juke
1928,Juke
1929,Juke
1930,Juke
1931,Juke
1932,Juke
1933,Juke
1934,Juke
1935,Juke
1936,Juke
1937,Juke
1938,Juke
1939,Justy
1940,Justy
1941,Justy
1942,Justy
1943,Justy
1944,Justy
1945,Justy
1946,Justy
1947,Justy
1948,Justy
1949,Legacy
1950,Legacy
1951,Legacy
1952,Levante
1953,Levante
1954,M2
1955,M2
1956,M3
1957,M3
1958,M3
1959,M4 GTS
1960,M4
1961,M4
1962,M4
1963,M4
1964,M4
1965,M4
1966,M5
1967,M5
1968,M5
1969,M6 Gran Coupe
1970,M6 Gran Coupe
1971,M6 Gran Coupe
1972,M6
1973,M6
1974,M6
1975,M6
1976,M6
1977,M6
1978,Magnum
1979,Magnum
1980,Magnum
1981,Magnum
1982,Magnum
1983,Malibu Hybrid
1984,Malibu Hybrid
1985,Malibu Hybrid
1986,Malibu Maxx
1987,Malibu Maxx
1988,Malibu Maxx
1989,Malibu Maxx
1990,Malibu Maxx
1991,Malibu Maxx
1992,Malibu Maxx
1993,Malibu Maxx
1994,Malibu Maxx
1995,Malibu Maxx
1996,Malibu Maxx
1997,Malibu
1998,Malibu
1999,Malibu
2000,Malibu
2001,Malibu
2002,Malibu
2003,Malibu
2004,Maxima
2005,Maxima
2006,Maxima
2007,Maxima
2008,Maxima
2009,Maxima
2010,Maxima
2011,Maxima
2012,Maxima
2013,Maxima
2014,Maxima
2015,Maxima
2016,Mazdaspeed 3
2017,Mazdaspeed 3
2018,Mazdaspeed 3
2019,Mazdaspeed 6
2020,Mazdaspeed 6
2021,Mazdaspeed 6
2022,Mazdaspeed 6
2023,Mazdaspeed MX-5 Miata
2024,Mazdaspeed MX-5 Miata
2025,Mazdaspeed MX-5 Miata
2026,Mazdaspeed Protege
2027,Mazdaspeed Protege
2028,M
2029,M
2030,M
2031,M
2032,M
2033,Metro
2034,Metro
2035,Metro
2036,Metro
2037,Millenia
2038,Millenia
2039,Millenia
2040,Millenia
2041,Millenia
2042,Monte Carlo
2043,Monte Carlo
2044,Monte Carlo
2045,Monte Carlo
2046,Monte Carlo
2047,Monte Carlo
2048,Monte Carlo
2049,Murano CrossCabriolet
2050,Murano CrossCabriolet
2051,Murano CrossCabriolet
2052,Murano
2053,Murano
2054,Murano
2055,Murano
2056,Murano
2057,Murano
2058,Murano
2059,Murano
2060,Murano
2061,Murano
2062,Murano
2063,Murano
2064,Murano
2065,Murano
2066,Murano
2067,Murano
2068,Murano
2069,Murano
2070,Murano
2071,Murano
2072,Murano
2073,Murano
2074,Murano
2075,Murano
2076,Murano
2077,Murano
2078,Murano
2079,Murano
2080,Mustang SVT Cobra
2081,Mustang SVT Cobra
2082,Mustang SVT Cobra
2083,Mustang SVT Cobra
2084,Mustang SVT Cobra
2085,Mustang SVT Cobra
2086,Mustang
2087,Mustang
2088,Mustang
2089,Mustang
2090,Mustang
2091,Mustang
2092,Mustang
2093,Mustang
2094,Mustang
2095,Mustang
2096,Mustang
2097,Mustang
2098,Mustang
2099,Mustang
2100,Mustang
2101,Mustang
2102,Mustang
2103,Mustang
2104,Mustang
2105,Mustang
2106,Mustang
2107,Mustang
2108,Mustang
2109,MX-3
2110,MX-3
2111,MX-3
2112,MX-3
2113,MX-3
2114,MX-3
2115,MX-5 Miata
2116,MX-5 Miata
2117,MX-5 Miata
2118,MX-5 Miata
2119,MX-5 Miata
2120,MX-5 Miata
2121,MX-5 Miata
2122,MX-5 Miata
2123,MX-5 Miata
2124,MX-5 Miata
2125,MX-5 Miata
2126,MX-5 Miata
2127,MX-5 Miata
2128,MX-5 Miata
2129,MX-5 Miata
2130,MX-5 Miata
2131,MX-5 Miata
2132,MX-5 Miata
2133,MX-5 Miata
2134,MX-5 Miata
2135,MX-5 Miata
2136,MX-5 Miata
2137,MX-5 Miata
2138,MX-5 Miata
2139,MX-5 Miata
2140,MX-5 Miata
2141,MX-5 Miata
2142,MX-5 Miata
2143,MX-6
2144,MX-6
2145,MX-6
2146,MX-6
2147,Neon
2148,Neon
2149,Neon
2150,New Beetle
2151,New Beetle
2152,New Beetle
2153,New Beetle
2154,New Beetle
2155,New Beetle
2156,New Beetle
2157,New Beetle
2158,New Beetle
2159,New Beetle
2160,New Beetle
2161,New Beetle
2162,New Beetle
2163,New Beetle
2164,New Beetle
2165,New Beetle
2166,New Beetle
2167,New Beetle
2168,New Beetle
2169,New Beetle
2170,New Beetle
2171,New Beetle
2172,Nitro
2173,Nitro
2174,Nitro
2175,Nitro
2176,Nitro
2177,Nitro
2178,Nitro
2179,Nitro
2180,Nitro
2181,Nitro
2182,Nitro
2183,Nitro
2184,Nitro
2185,Nitro
2186,Nitro
2187,Nitro
2188,Nitro
2189,Nitro
2190,Nitro
2191,Nitro
2192,Nitro
2193,Nitro
2194,Nitro
2195,Nitro
2196,NX
2197,NX
2198,NX
2199,NX
2200,NX
2201,NX
2202,Omni
2203,Outback
2204,Outback
2205,Outback
2206,Outback
2207,Outback
2208,Outback
2209,Outback
2210,Outback
2211,Outback
2212,Outback
2213,Outback
2214,Outback
2215,Outback
2216,Outback
2217,Outback
2218,Outback
2219,Outback
2220,Outback
2221,Outback
2222,Outback
2223,Passat
2224,Passat
2225,Passat
2226,Passat
2227,Passat
2228,Passat
2229,Passat
2230,Pathfinder
2231,Pathfinder
2232,Pathfinder
2233,Pathfinder
2234,Pathfinder
2235,Pathfinder
2236,Pathfinder
2237,Pathfinder
2238,Pathfinder
2239,Pathfinder
2240,Pathfinder
2241,Pathfinder
2242,Pathfinder
2243,Pathfinder
2244,Pathfinder
2245,Pathfinder
2246,Pathfinder
2247,Pathfinder
2248,Pathfinder
2249,Pathfinder
2250,Pathfinder
2251,Pathfinder
2252,Pathfinder
2253,Pathfinder
2254,Pathfinder
2255,Pathfinder
2256,Pathfinder
2257,Pathfinder
2258,Phaeton
2259,Phaeton
2260,Phaeton
2261,Phaeton
2262,Phaeton
2263,Phaeton
2264,Phaeton
2265,Phaeton
2266,Phaeton
2267,Phaeton
2268,Phaeton
2269,Probe
2270,Probe
2271,Probe
2272,Probe
2273,Probe
2274,Probe
2275,Probe
2276,Probe
2277,Quattroporte
2278,Quattroporte
2279,Quattroporte
2280,Quattroporte
2281,Quattroporte
2282,Quattroporte
2283,Quattroporte
2284,Quattroporte
2285,Quattroporte
2286,Quattroporte
2287,Quattroporte
2288,Quattroporte
2289,Quattroporte
2290,R32
2291,R32
2292,Rabbit
2293,Rabbit
2294,Rabbit
2295,Rabbit
2296,Rabbit
2297,Rabbit
2298,Rabbit
2299,Rabbit
2300,Rabbit
2301,Rabbit
2302,Rabbit
2303,Rabbit
2304,Rabbit
2305,Rabbit
2306,Rabbit
2307,Rabbit
2308,Rabbit
2309,Rabbit
2310,Rabbit
2311,Rabbit
2312,Rabbit
2313,Rabbit
2314,Ram Pickup 1500
2315,Ram Pickup 1500
2316,Ram Pickup 1500
2317,Ram Pickup 1500
2318,Ram Pickup 1500
2319,Ram Pickup 1500
2320,Ram Pickup 1500
2321,Ram Pickup 1500
2322,Ram Pickup 1500
2323,Ram Pickup 1500
2324,Ram Pickup 1500
2325,Ram Pickup 1500
2326,Ram Pickup 1500
2327,Ram Pickup 1500
2328,Ram Pickup 1500
2329,Ram Pickup 1500
2330,Ram Pickup 1500
2331,Ram Pickup 1500
2332,Ram Pickup 1500
2333,Ram Pickup 1500
2334,Ram Pickup 1500
2335,Ram Pickup 1500
2336,Ram Pickup 1500
2337,Ram Pickup 1500
2338,Ram Pickup 1500
2339,Ram Pickup 1500
2340,Ram Pickup 1500
2341,Ram Pickup 1500
2342,Ram Pickup 1500
2343,Ram Pickup 1500
2344,Ram Pickup 1500
2345,Ram Pickup 1500
2346,Ram Pickup 1500
2347,Ram Pickup 1500
2348,Ram Pickup 1500
2349,Ram Pickup 1500
2350,Ram Pickup 1500
2351,Ram Pickup 1500
2352,Ram Pickup 1500
2353,Ram Pickup 1500
2354,Ram Pickup 1500
2355,Ram Pickup 1500
2356,Ram Pickup 1500
2357,Ram Pickup 1500
2358,Ram Pickup 1500
2359,Ram Pickup 1500
2360,Ram Pickup 1500
2361,Ram Pickup 1500
2362,Rogue Select
2363,Rogue Select
2364,Rogue Select
2365,Rogue Select
2366,Rogue
2367,Rogue
2368,Rogue
2369,Rogue
2370,Rogue
2371,Rogue
2372,Rogue
2373,Rogue
2374,Rogue
2375,Rogue
2376,Rogue
2377,Rogue
2378,Rogue
2379,Rogue
2380,Rogue
2381,Rogue
2382,Rogue
2383,Rogue
2384,Rogue
2385,Rogue
2386,Routan
2387,Routan
2388,Routan
2389,Routan
2390,Routan
2391,Routan
2392,Routan
2393,S-10
2394,S-10
2395,S-10
2396,S-10
2397,S-10
2398,S-10
2399,S-10
2400,S-10
2401,S-10
2402,S-10
2403,S-10
2404,S-10
2405,S-10
2406,S-10
2407,S-10
2408,S-10
2409,S-10
2410,S-10
2411,S-10
2412,S-10
2413,S-10
2414,S-10
2415,Shadow
2416,Shadow
2417,Shadow
2418,Shadow
2419,Shadow
2420,Shadow
2421,Shadow
2422,Shadow
2423,Shadow
2424,Shadow
2425,Shadow
2426,Shadow
2427,Shadow
2428,Shadow
2429,Shadow
2430,Shadow
2431,Shadow
2432,Shadow
2433,Shelby GT350
2434,Shelby GT350
2435,Shelby GT350
2436,Shelby GT350
2437,Shelby GT350
2438,Shelby GT350
2439,Shelby GT500
2440,Shelby GT500
2441,Shelby GT500
2442,Shelby GT500
2443,Shelby GT500
2444,Silverado 1500 Classic
2445,Silverado 1500 Classic
2446,Silverado 1500 Classic
2447,Silverado 1500 Classic
2448,Silverado 1500 Classic
2449,Silverado 1500 Classic
2450,Silverado 1500 Classic
2451,Silverado 1500 Classic
2452,Silverado 1500 Classic
2453,Silverado 1500 Classic
2454,Silverado 1500 Classic
2455,Silverado 1500 Classic
2456,Silverado 1500 Classic
2457,Silverado 1500 Classic
2458,Silverado 1500 Classic
2459,Silverado 1500 Classic
2460,Silverado 1500 Classic
2461,Silverado 1500 Classic
2462,Silverado 1500 Classic
2463,Silverado 1500 Classic
2464,Silverado 1500 Classic
2465,Silverado 1500 Classic
2466,Silverado 1500 Classic
2467,Silverado 1500 Classic
2468,Silverado 1500 Classic
2469,Silverado 1500 Classic
2470,Silverado 1500 Classic
2471,Silverado 1500 Classic
2472,Silverado 1500 Classic
2473,Silverado 1500 Classic
2474,Silverado 1500 Classic
2475,Silverado 1500 Classic
2476,Silverado 1500 Classic
2477,Silverado 1500 Classic
2478,Silverado 1500 Classic
2479,Silverado 1500 Classic
2480,Silverado 1500 Classic
2481,Silverado 1500 Hybrid
2482,Silverado 1500 Hybrid
2483,Silverado 1500 Hybrid
2484,Silverado 1500 Hybrid
2485,Silverado 1500 Hybrid
2486,Silverado 1500 Hybrid
2487,Silverado 1500 Hybrid
2488,Silverado 1500 Hybrid
2489,Silverado 1500 Hybrid
2490,Silverado 1500 Hybrid
2491,Silverado 1500 Hybrid
2492,Silverado 1500 Hybrid
2493,Silverado 1500
2494,Silverado 1500
2495,Silverado 1500
2496,Silverado 1500
2497,Silverado 1500
2498,Silverado 1500
2499,Silverado 1500
2500,Silverado 1500
2501,Silverado 1500
2502,Silverado 1500
2503,Silverado 1500
2504,Silverado 1500
2505,Silverado 1500
2506,Silverado 1500
2507,Silverado 1500
2508,Silverado 1500
2509,Silverado 1500
2510,Silverado 1500
2511,Silverado 1500
2512,Silverado 1500
2513,Silverado 1500
2514,Silverado 1500
2515,Silverado 1500
2516,Silverado 1500
2517,Silverado 1500
2518,Silverado 1500
2519,Silverado 1500
2520,Silverado 1500
2521,Silverado 1500
2522,Silverado 1500
2523,Silverado 1500
2524,Silverado 1500
2525,Silverado 1500
2526,Silverado 1500
2527,Silverado 1500
2528,Silverado 1500
2529,Silverado 1500
2530,Silverado 1500
2531,Silverado 1500
2532,Silverado 1500
2533,Silverado 1500
2534,Silverado 1500
2535,Silverado 1500
2536,Silverado 1500
2537,Silverado 1500
2538,Silverado 1500
2539,Silverado 1500
2540,Silverado 1500
2541,Silverado 1500
2542,Silverado 1500
2543,Silverado 1500
2544,Silverado 1500
2545,Silverado 1500
2546,Silverado 1500
2547,Silverado 1500
2548,Silverado 1500
2549,Silverado 1500
2550,Silverado 1500
2551,Silverado 1500
2552,Silverado 1500
2553,Silverado 1500
2554,Silverado 1500
2555,Silverado 1500
2556,Silverado 1500
2557,Silverado 1500
2558,Silverado 1500
2559,Silverado 1500
2560,Silverado 1500
2561,Silverado 1500
2562,Silverado 1500
2563,Silverado 1500
2564,Silverado 1500
2565,Silverado 1500
2566,Silverado 1500
2567,Silverado 1500
2568,Silverado 1500
2569,Silverado 1500
2570,Silverado 1500
2571,Silverado 1500
2572,Silverado 1500
2573,Silverado 1500
2574,Silverado 1500
2575,Silverado 1500
2576,Silverado 1500
2577,Silverado 1500
2578,Silverado 1500
2579,Silverado 1500
2580,Silverado 1500
2581,Silverado 1500
2582,Silverado 1500
2583,Silverado 1500
2584,Silverado 1500
2585,Silverado 1500
2586,Silverado 1500
2587,Silverado 1500
2588,Silverado 1500
2589,Silverado 1500
2590,Silverado 1500
2591,Silverado 1500
2592,Silverado 1500
2593,Silverado 1500
2594,Silverado 1500
2595,Silverado 1500
2596,Silverado 1500
2597,Silverado 1500
2598,Silverado 1500
2599,Silverado 1500
2600,Silverado 1500
2601,Silverado 1500
2602,Silverado 1500
2603,Silverado 1500
2604,Silverado 1500
2605,Silverado 1500
2606,Silverado 1500
2607,Sonic
2608,Sonic
2609,Sonic
2610,Sonic
2611,Sonic
2612,Sonic
2613,Sonic
2614,Sonic
2615,Sonic
2616,Sonic
2617,Sonic
2618,Sonic
2619,Sonic
2620,Sonic
2621,Sonic
2622,Sonic
2623,Sonic
2624,Sonic
2625,Sonic
2626,Spark EV
2627,Spark EV
2628,Spark EV
2629,Spark EV
2630,Spark EV
2631,Spark EV
2632,Spark
2633,Spark
2634,Spark
2635,Spark
2636,Spark
2637,Spark
2638,Spark
2639,Spark
2640,Spark
2641,Spark
2642,Spark
2643,Spark
2644,Spark
2645,Spark
2646,Spark
2647,Spark
2648,Spark
2649,Spark
2650,Spyder
2651,Spyder
2652,Spyder
2653,Spyder
2654,Spyder
2655,Spyder
2656,SRT Viper
2657,SRT Viper
2658,SRT Viper
2659,SRT Viper
2660,SS
2661,SS
2662,SS
2663,SSR
2664,SSR
2665,SSR
2666,Stealth
2667,Stealth
2668,Stealth
2669,Stealth
2670,Stealth
2671,Stealth
2672,Stealth
2673,Stratus
2674,Stratus
2675,Stratus
2676,Stratus
2677,Stratus
2678,Stratus
2679,Stratus
2680,Stratus
2681,Stratus
2682,Stratus
2683,Suburban
2684,Suburban
2685,Suburban
2686,Suburban
2687,Suburban
2688,Suburban
2689,Suburban
2690,Suburban
2691,Suburban
2692,Suburban
2693,Suburban
2694,Suburban
2695,Suburban
2696,Suburban
2697,Suburban
2698,Suburban
2699,Suburban
2700,Suburban
2701,SVX
2702,SVX
2703,SVX
2704,SVX
2705,SVX
2706,SVX
2707,SVX
2708,SVX
2709,Tahoe Hybrid
2710,Tahoe Hybrid
2711,Tahoe Hybrid
2712,Tahoe Hybrid
2713,Tahoe Hybrid
2714,Tahoe Hybrid
2715,Tahoe
2716,Tahoe
2717,Tahoe
2718,Tahoe
2719,Tahoe
2720,Tahoe
2721,Tahoe
2722,Tahoe
2723,Tahoe
2724,Tahoe
2725,Tahoe
2726,Tahoe
2727,Tahoe
2728,Tahoe
2729,Tahoe
2730,Tahoe
2731,Tahoe
2732,Tahoe
2733,Taurus X
2734,Taurus X
2735,Taurus X
2736,Taurus X
2737,Taurus X
2738,Taurus X
2739,Taurus X
2740,Taurus X
2741,Taurus X
2742,Taurus X
2743,Taurus X
2744,Taurus X
2745,Taurus
2746,Taurus
2747,Taurus
2748,Taurus
2749,Taurus
2750,Taurus
2751,Taurus
2752,Taurus
2753,Taurus
2754,Taurus
2755,Taurus
2756,Taurus
2757,Taurus
2758,Taurus
2759,Taurus
2760,Taurus
2761,Taurus
2762,Taurus
2763,Thunderbird
2764,Thunderbird
2765,Thunderbird
2766,Thunderbird
2767,Thunderbird
2768,Thunderbird
2769,Thunderbird
2770,Thunderbird
2771,Tiguan
2772,Tiguan
2773,Tiguan
2774,Tiguan
2775,Tiguan
2776,Tiguan
2777,Tiguan
2778,Tiguan
2779,Tiguan
2780,Tiguan
2781,Tiguan
2782,Tiguan
2783,Tiguan
2784,Tiguan
2785,Tiguan
2786,Tiguan
2787,Tiguan
2788,Tiguan
2789,Tiguan
2790,Tiguan
2791,Tiguan
2792,Tiguan
2793,Tiguan
2794,Tiguan
2795,Tiguan
2796,Tiguan
2797,Titan
2798,Titan
2799,Titan
2800,Titan
2801,Titan
2802,Titan
2803,Titan
2804,Titan
2805,Titan
2806,Titan
2807,Titan
2808,Titan
2809,Titan
2810,Titan
2811,Titan
2812,Titan
2813,Titan
2814,Titan
2815,Titan
2816,Titan
2817,Titan
2818,Titan
2819,Titan
2820,Titan
2821,Titan
2822,Titan
2823,Touareg 2
2824,Touareg 2
2825,Touareg 2
2826,Touareg 2
2827,Touareg 2
2828,Touareg 2
2829,Touareg
2830,Touareg
2831,Touareg
2832,Touareg
2833,Touareg
2834,Touareg
2835,Touareg
2836,Touareg
2837,Touareg
2838,Touareg
2839,Touareg
2840,Touareg
2841,Touareg
2842,Touareg
2843,Touareg
2844,Touareg
2845,Touareg
2846,Touareg
2847,TrailBlazer
2848,TrailBlazer
2849,TrailBlazer
2850,TrailBlazer
2851,TrailBlazer
2852,TrailBlazer
2853,TrailBlazer
2854,TrailBlazer
2855,TrailBlazer
2856,TrailBlazer
2857,Transit Wagon
2858,Transit Wagon
2859,Transit Wagon
2860,Transit Wagon
2861,Transit Wagon
2862,Transit Wagon
2863,Transit Wagon
2864,Transit Wagon
2865,Transit Wagon
2866,Transit Wagon
2867,Transit Wagon
2868,Transit Wagon
2869,Transit Wagon
2870,Transit Wagon
2871,Transit Wagon
2872,Transit Wagon
2873,Transit Wagon
2874,Transit Wagon
2875,Transit Wagon
2876,Transit Wagon
2877,Transit Wagon
2878,Transit Wagon
2879,Transit Wagon
2880,Transit Wagon
2881,Transit Wagon
2882,Transit Wagon
2883,Transit Wagon
2884,Transit Wagon
2885,Transit Wagon
2886,Transit Wagon
2887,Transit Wagon
2888,Transit Wagon
2889,Transit Wagon
2890,Transit Wagon
2891,Transit Wagon
2892,Transit Wagon
2893,Transit Wagon
2894,Transit Wagon
2895,Transit Wagon
2896,Transit Wagon
2897,Transit Wagon
2898,Transit Wagon
2899,Transit Wagon
2900,Transit Wagon
2901,Transit Wagon
2902,Transit Wagon
2903,Transit Wagon
2904,Transit Wagon
2905,Traverse
2906,Traverse
2907,Traverse
2908,Traverse
2909,Traverse
2910,Traverse
2911,Traverse
2912,Traverse
2913,Traverse
2914,Traverse
2915,Traverse
2916,Traverse
2917,Traverse
2918,Traverse
2919,Traverse
2920,Traverse
2921,Traverse
2922,Traverse
2923,Traverse
2924,Traverse
2925,Traverse
2926,Traverse
2927,Traverse
2928,Traverse
2929,Traverse
2930,Traverse
2931,Trax
2932,Trax
2933,Trax
2934,Trax
2935,Trax
2936,Trax
2937,Trax
2938,Trax
2939,Trax
2940,Trax
2941,Trax
2942,Trax
2943,Trax
2944,Trax
2945,Trax
2946,Trax
2947,Trax
2948,Trax
2949,Trax
2950,Trax
2951,Trax
2952,Trax
2953,Tribeca
2954,Tribeca
2955,Tribeca
2956,Tribeca
2957,Tribeca
2958,Tribute Hybrid
2959,Tribute Hybrid
2960,Tribute Hybrid
2961,Tribute Hybrid
2962,Tribute Hybrid
2963,Tribute Hybrid
2964,Tribute Hybrid
2965,Tribute Hybrid
2966,Tribute
2967,Tribute
2968,Tribute
2969,Tribute
2970,Tribute
2971,Tribute
2972,Tribute
2973,Tribute
2974,Tribute
2975,Tribute
2976,Tribute
2977,Tribute
2978,Tribute
2979,Tribute
2980,Tribute
2981,Tribute
2982,Tribute
2983,Tribute
2984,Tribute
2985,Tribute
2986,Tribute
2987,Tribute
2988,Tribute
2989,Tribute
2990,Tribute
2991,Tribute
2992,Tribute
2993,Tribute
2994,Tribute
2995,Tribute
2996,Tribute
2997,Uplander
2998,Uplander
2999,Uplander
3000,Uplander
3001,Uplander
3002,Uplander
3003,Uplander
3004,Uplander
3005,Uplander
3006,Uplander
3007,Uplander
3008,Uplander
3009,Uplander
3010,Uplander
3011,Versa Note
3012,Versa Note
3013,Versa Note
3014,Versa Note
3015,Versa Note
3016,Versa Note
3017,Versa Note
3018,Versa Note
3019,Versa Note
3020,Versa Note
3021,Versa Note
3022,Versa Note
3023,Versa Note
3024,Versa Note
3025,Versa Note
3026,Versa Note
3027,Viper
3028,Viper
3029,Viper
3030,Viper
3031,Viper
3032,Viper
3033,Viper
3034,Viper
3035,Viper
3036,Viper
3037,Viper
3038,Viper
3039,Viper
3040,Viper
3041,WRX
3042,WRX
3043,WRX
3044,WRX
3045,WRX
3046,WRX
3047,WRX
3048,WRX
3049,WRX
3050,WRX
3051,WRX
3052,WRX
3053,WRX
3054,WRX
3055,WRX
3056,WRX
3057,WRX
3058,WRX
3059,WRX
3060,WRX
3061,WRX
3062,WRX
3063,WRX
3064,WRX
3065,WRX
3066,X1
3067,X1
3068,X1
3069,X1
3070,X1
3071,X1
3072,X3
3073,X3
3074,X3
3075,X3
3076,X3
3077,X3
3078,X3
3079,X3
3080,X3
3081,X3
3082,X3
3083,X3
3084,X4
3085,X4
3086,X4
3087,X4
3088,X4
3089,X4
3090,X4
3091,X5 M
3092,X5 M
3093,X5 M
3094,X5
3095,X5
3096,X5
3097,X5
3098,X5
3099,X5
3100,X5
3101,X5
3102,X5
3103,X5
3104,X5
3105,X5
3106,X6 M
3107,X6 M
3108,X6 M
3109,X6
3110,X6
3111,X6
3112,X6
3113,X6
3114,X6
3115,X6
3116,X6
3117,X6
3118,XV Crosstrek
3119,XV Crosstrek
3120,XV Crosstrek
3121,XV Crosstrek
3122,XV Crosstrek
3123,XV Crosstrek
3124,XV Crosstrek
3125,XV Crosstrek
3126,XV Crosstrek
3127,XV Crosstrek
3128,XV Crosstrek
3129,XV Crosstrek
3130,XV Crosstrek
3131,XV Crosstrek
3132,Z3
3133,Z3
3134,Z3
3135,Z3
3136,Z3
3137,Z3
3138,Z3
3139,Z3
3140,Z3
3141,Z4 M
3142,Z4 M
3143,Z4 M
3144,Z4 M
3145,Z4
3146,Z4
3147,Z4
3148,Z4
3149,Z4
3150,Z4
3151,Z4
3152,Z4
3153,Z4
3154,Z8
3155,Z8
3156,Z8
